<?xml version="1.0" encoding="UTF-8" standalone="yes"?>
<addon id="plugin.program.mrxmatrix" name="[COLOR lime][B]MR X Matrix [/B][/COLOR]" version="1.0.0" provider-name="X">
    <requires>
        <import addon="xbmc.python" version="3.0.0" />
        <import addon="script.module.requests" />
        <import addon="script.module.six" />
    </requires>
    
    <extension point="xbmc.python.pluginsource" library="default.py">
        <provides>executable</provides>
    </extension>
    

    
    <extension point="xbmc.addon.metadata">
        <summary lang="en">MR X Wizard for Matrix 19</summary>
        <description lang="en">MR X Matrix Wizard offers many maintenance features, selective add-on data saving, and automated build installs.</description>
        <platform>android windows</platform>
        <reuselanguageinvoker>false</reuselanguageinvoker>
        <source></source>
        <news></news>
        <assets>
            <icon>icon.png</icon>
            <fanart>fanart.jpg</fanart>
        </assets>
    </extension>
</addon>
