<?xml version="1.0" encoding="UTF-8" standalone="yes"?>
<addon id="repository.mrx" name="[COLOR lime]MR X[/COLOR]" version="0.0.1" provider-name="">
	<extension point="xbmc.addon.repository" name="">
		<info compressed="false">https://github.com/mrXoo/leia/raw/master/addons.xml</info>
		<checksum>https://github.com/mrXoo/leia/raw/master/addons.xml.md5</checksum>
		<datadir zip="true">https://github.com/mrXoo/leia/raw/master/</datadir>
	</extension>
	<extension point="xbmc.addon.metadata">
		<summary></summary>
		<description></description>
		<platform>all</platform>
	</extension>
</addon>

